ProductFeed,ProductName,Price,ProductDescriptionShort,ProductDescriptionLong,ProductURL,ProductImage,ProductImageThumb1,ProductImageThumb2
Xtreme Lashes Consumer Product Feed as of (8/19/2015),GlideLiner™ Ready-to-Wear Collection Gift Set,40.00,"Design an iconic look with four runway-inspired shades presented in two dual-ended GlideLiner™ Long Lasting Eye Pencils. Created by Jo Mousselli to suit all eye colors. Each shade can be used alone or paired with another to enliven eyes. Styled with the exclusive Jo Mousselli™ Signature Wristlet, this modern ready-to-wear collection invites you to make a statement, day or night.","Design an iconic look with four runway-inspired shades presented in two dual-ended GlideLiner™ Long Lasting Eye Pencils. Created by Jo Mousselli to suit all eye colors. Each shade can be used alone or paired with another to enliven eyes. Styled with the exclusive Jo Mousselli™ Signature Wristlet, this modern ready-to-wear collection invites you to make a statement, day or night.What’s inside:Sapphire – Deep navy lusterCognac – Rich coppery brown Rose Gold – Golden pale pinkTruffle – Deep brown blackGlideliner™ SharpenerJo Mousselli™ Signature WristletBeauty Launchpad Award Reader's Choice Best Eyeliner - GlideLiner™ Long Lasting Eye PencilWith long-wear and saturated pigments, line, shade, and highlight your eyes effortlessly. Compatible with Xtreme Lashes® Eyelash Extensions.&nbsp;Valued at $80, the GlideLiner Ready-to-Wear Collection is available as a Limited Edition Gift Set for $40.",http://www.xtremelashes.com/eyelash-extensions-eyeliner-Glideliner-dual-ended-holiday-kit.aspx,http://assets.xtremelashes.com/cx/imagesMakeup/Glideliner-Ready-To-Wear-Set.jpg,http://assets.xtremelashes.com/cx/imagesMakeup/Glideliner-Ready-To-Wear-Set-thumb1.jpg,http://assets.xtremelashes.com/cx/imagesMakeup/Glideliner-Ready-To-Wear-Set-thumb2.jpg
Xtreme Lashes Consumer Product Feed as of (8/19/2015),Flex Tip Applicator (pack of 100),19.00,"Flex Tip Applicators are an ideal alternative to traditional cotton swabs, which contain fibers that may get caught between natural eyelashes and eyelash extensions.","Tackle stubborn mascara and eye makeup with this one-of-a-kind detailing brush. The flexible silicone paddle-style brush is specially designed to maneuver smoothly and gently across eye area contours. Lint-free bristles produce an effective makeup-lifting lather when used with Xtreme Lashes Eye Makeup Remover &amp; Facial Cleanser. Flex Tip Applicators are an ideal alternative to traditional cotton swabs, which contain fibers that may get caught between natural eyelashes and eyelash extensions.",http://www.xtremelashes.com/eyelash-extensions-Flex-Tip-applicators-remove-makeup.aspx,http://assets.xtremelashes.com/cx/imagesMakeup/Flex-Tip-Applicator-Eyelash-Extension-Application.jpg,http://assets.xtremelashes.com/cx/imagesMakeup/Flex-Tip-Applicator-Eyelash-Extension-Application-thumb1.jpg,http://assets.xtremelashes.com/cx/imagesMakeup/Flex-Tip-Applicator-Eyelash-Extension-Application-thumb2.jpg
Xtreme Lashes Consumer Product Feed as of (8/19/2015),Skin Renewing™ Concealer - Fair,36.00,"Reveal a renewed complexion with an anti-aging concealer formulated to provide a three-part holistic rejuvenation to the skin. With continued use, the look of lines and wrinkles are diminished as skin appears visibly smoother, plumper, firmer, brighter, and more hydrated.","Reveal a renewed complexion with an anti-aging concealer formulated to provide a three-part holistic rejuvenation to the skin. With continued use, the look of lines and wrinkles are diminished as skin appears visibly smoother, plumper, firmer, brighter, and more hydrated.
&nbsp;
Corrective Prevention: Stimulate age intervention deep in the skin with encapsulated dipeptide Carnosine and antioxidants Silybum Marianum Fruit Extract and Tocopherol (Vitamin E) delivered effectively via a liposomal complex. This trio of age-fighters work together to reduce the appearance of lines and wrinkles, revitalize skin, increase elasticity, and prevent the stiffening and breakdown of collagen through glycation.
&nbsp;
Hydration &amp; Anti-Inflammation: Inhibit inflammation and dryness with Australian Myrtle Oil and Bisabolol (derived from German Chamomile), both offering hydrating, anti-inflammatory, and anti-microbial properties to soothe redness and heal blemishes.
&nbsp;
Youthful Radiance: Counteract the look of dark shadows, lines and wrinkles, enlarged pores, and uneven tone around the entire eye area and throughout the face with long wear, light diffusing pigments.
&nbsp;
&nbsp;",http://www.xtremelashes.com/jo-mousselli-beauty-skin-renewing-concealer.aspx,http://assets.xtremelashes.com/cx/imagesMakeup/Skin-Renewing-Concealer-Fair.jpg,http://assets.xtremelashes.com/cx/imagesMakeup/Skin-Renewing-Concealer-Fair-thumb1.jpg,http://assets.xtremelashes.com/cx/imagesMakeup/Skin-Renewing-Concealer-thumb2.jpg
Xtreme Lashes Consumer Product Feed as of (8/19/2015),Skin Renewing™ Concealer - Neutral,36.00,"Reveal a renewed complexion with an anti-aging concealer formulated to provide a three-part holistic rejuvenation to the skin. With continued use, the look of lines and wrinkles are diminished as skin appears visibly smoother, plumper, firmer, brighter, and more hydrated.","Reveal a renewed complexion with an anti-aging concealer formulated to provide a three-part holistic rejuvenation to the skin. With continued use, the look of lines and wrinkles are diminished as skin appears visibly smoother, plumper, firmer, brighter, and more hydrated.Corrective Prevention: Stimulate age intervention deep in the skin with encapsulated dipeptide Carnosine and antioxidants Silybum Marianum (milk thistle) fruit extract and Tocopherol (Vitamin E) delivered effectively via a liposomal complex. This trio of age-fighers work together to reduce the appearance of lines and wrinkles, revitalize skin, increase elasticity, and prevent the stiffening and breakdown of collagen through glycation.&nbsp;Hydration &amp; Anti-Inflammation: Inhibit inflammation and dryness with Australian Myrtle Oil and Bisabolol (derived from German Chamomile), both offering hydrating, anti-inflammatory, and anti-microbial properties to soothe redness and heal blemishes.Youthful Radiance: Counteract the look of dark shadows, lines and wrinkles, enlarged pores, and uneven skin tone around the entire eye area and throughout the face with long wear, light diffusing pigments.	Liposomal complex delivers Carnosine, Silybum Marianum (milk thistle) fruit extract, and Tocopherol (Vitamin E) into the skin to reduce the appearance of wrinkles to promote elasticity and prevent collagen breakdown through glycation.		Hydrate, protect, and soothe skin with anti-inflammatory and anti-microbial Australian Myrtle Oil and Bisabolol (derived from German Chamomile).		Medium coverage with light diffusing pigments. Long wear and water-resistant.		Ideal for entire eye area and face. For all skin types, including sensitive and mature.		Specially formulated to be compatible with Xtreme Lashes® Eyelash Extensions.		Dermatologist tested.",http://www.xtremelashes.com/jo-mousselli-beauty-skin-renewing-concealer.aspx,http://assets.xtremelashes.com/cx/imagesMakeup/Skin-Renewing-Concealer-Neutral.jpg,http://assets.xtremelashes.com/cx/imagesMakeup/Skin-Renewing-Concealer-Neutral-thumb1.jpg,http://assets.xtremelashes.com/cx/imagesMakeup/Skin-Renewing-Concealer-thumb2.jpg
Xtreme Lashes Consumer Product Feed as of (8/19/2015),GlideLiner™ Sharpener,3.00,Exclusively designed sharpener creates the ideal tip for perfectly lining the eye with GlideLiner Long Lasting Eye Pencil.,"Designed to ensure the artistic potential of GlideLiner Long Lasting Eye Pencil, this sharpener uses an Eisen second-blade system to create the ideal tip for precise and easy eye lining. For best results, sharpen GlideLiner Long Lasting Eye Pencil prior to each use.",http://www.xtremelashes.com/GlideLiner-gel-eyeliner-pencil-sharpener.aspx,http://assets.xtremelashes.com/cx/imagesMakeup/GlideLiner-Eyelash-Extensions-gel-Eyeliner-sharpener.jpg,http://assets.xtremelashes.com/cx/imagesMakeup/GlideLiner-Eyelash-Extensions-gel-Eyeliner-sharpener-thumb1.jpg,http://assets.xtremelashes.com/cx/imagesMakeup/GlideLiner-Eyelash-Extensions-gel-Eyeliner-sharpener-thumb2.jpg
Xtreme Lashes Consumer Product Feed as of (8/19/2015),Deluxe Retractable Lash Styling Wand,24.00,Groom lashes and brows on-the-go with this elegantly-designed retractable brush. This item is temporary out of stock and will ship early August.,"Primp lashes and brows&nbsp;to perfection with this eye-catching styling brush. The retractable design and patented collar allow you to protect the brush head from damage and debris. Compact and stylish, this styling tool is ideal for use at home and on-the-go! This item is temporary out of stock and will ship early August.",http://www.xtremelashes.com/eyelash-extensions-brush.aspx,http://assets.xtremelashes.com/cx/imagesMakeup/eyelash-extension-brush-xtreme-lashes.jpg,http://assets.xtremelashes.com/cx/imagesMakeup/eyelash-extension-brush-xtreme-lashes-thumb1.jpg,http://assets.xtremelashes.com/cx/imagesMakeup/eyelash-extension-brush-xtreme-lashes-thumb2.jpg
Xtreme Lashes Consumer Product Feed as of (8/19/2015),Mini Fan,28.00,"Quickly and gently dry eyelash extensions after cleansing with this powerful, yet compact-sized Mini Fan. Targeted airflow exits from the top of the fan for optimal control during the drying and styling process. Three AAA batteries included. Approximately 2.6"" x 4.8"".Ideal for all eyelash extension wearers, especially those who received a multi-lash application (Volumation™).","Quickly and gently dry eyelash extensions after cleansing with this powerful, yet compact-sized Mini Fan. Targeted airflow exits from the top of the fan for optimal control during the drying and styling process. Three AAA batteries included. Approximately 2.6"" x 4.8"".Ideal for all eyelash extension wearers, especially those who received a multi-lash application (Volumation™).",http://www.xtremelashes.com/eyelash-extensions-mini-fan.aspx,http://assets.xtremelashes.com/cx/imagesMakeup/Xtreme-Lashes-Mini-Fan.jpg,http://assets.xtremelashes.com/cx/imagesMakeup/Xtreme-Lashes-Mini-Fan-thumb1.jpg,http://assets.xtremelashes.com/cx/imagesMakeup/Xtreme-Lashes-Mini-Fan-thumb2.jpg
Xtreme Lashes Consumer Product Feed as of (8/19/2015),Angled Brush,19.00,"Apply Long Lasting Brow Pen pigments with full control, from arch to tip. The tapered natural fibers allow for targeted blending and shaping.","Beautifully sculpt and perfect brows with the Angled Brush. Made with high quality durable fibers, this brush provides a firm, yet soft application for enhanced precision and ease. Use it to blend, fill, and shape Long Lasting Brow Pen pigments with full control from arch to tip.&nbsp;Insider Tips:&nbsp; The Angled Brush is ideal for creating a soft, natural finish. This brush can also be used with GlideLiner Long Lasting Eye Pencil to create a thin and precise line.",http://www.xtremelashes.com/angled-eyebrow-brush.aspx,http://assets.xtremelashes.com/cx/imagesMakeup/Angled-EyeBrow-Brush.jpg,http://assets.xtremelashes.com/cx/imagesMakeup/Angled-EyeBrow-thumb1.jpg,http://assets.xtremelashes.com/cx/imagesMakeup/Angled-EyeBrow-thumb2.jpg
Xtreme Lashes Consumer Product Feed as of (8/19/2015),Lint-Free Applicator (pack of 25),7.00,"Soft, gentle and multi-purpose, these cleansing tools are perfect for removing mascara, eyeliner and eye shadow with expert control.","Soft, gentle and multi-purpose, these cleansing tools are perfect for removing mascara, eyeliner and eye shadow with expert control. Its unique applicator tip holds fluids in a non-drip suspension that quickly and gently releases onto the targeted surface during cleansing.",http://www.xtremelashes.com/eyelash-extensions-lint-free-applicators-remove-makeup.aspx,http://assets.xtremelashes.com/cx/imagesMakeup/Lint-Free-Applicator-Eyelash-Extension-Application.jpg,http://assets.xtremelashes.com/cx/imagesMakeup/Lint-Free-Applicator-Eyelash-Extension-Application-thumb1.jpg,http://assets.xtremelashes.com/cx/imagesMakeup/Lint-Free-Applicator-Eyelash-Extension-Application-thumb2.jpg
Xtreme Lashes Consumer Product Feed as of (8/19/2015),Flex Tip Applicator (pack of 25),8.00,"Flex Tip Applicators are an ideal alternative to traditional cotton swabs, which contain fibers that may get caught between natural eyelashes and eyelash extensions.","Tackle stubborn mascara and eye makeup with this one-of-a-kind detailing brush. The flexible silicone paddle-style brush is specially designed to maneuver smoothly and gently across eye area contours. Lint-free bristles produce an effective makeup-lifting lather when used with Xtreme Lashes Eye Makeup Remover &amp; Facial Cleanser. Flex Tip Applicators are an ideal alternative to traditional cotton swabs, which contain fibers that may get caught between natural eyelashes and eyelash extensions.",http://www.xtremelashes.com/eyelash-extensions-Flex-Tip-applicators-remove-makeup.aspx,http://assets.xtremelashes.com/cx/imagesMakeup/Flex-Tip-Applicator-Eyelash-Extension-Application.jpg,http://assets.xtremelashes.com/cx/imagesMakeup/Flex-Tip-Applicator-Eyelash-Extension-Application-thumb1.jpg,http://assets.xtremelashes.com/cx/imagesMakeup/Flex-Tip-Applicator-Eyelash-Extension-Application-thumb2.jpg
Xtreme Lashes Consumer Product Feed as of (8/19/2015),Classic Carry-All,20.00,"Perfectly sized for daily use or travel, this spacious cosmetic bag features a modern faux croc print and a zippered round top design for quick access to all your beauty essentials.","Keep your Xtreme Lashes by Jo Mousselli aftercare essentials, makeup, and accessories within reach in the sleek and stylish Classic Carry-All! Perfectly sized for daily use or travel, this spacious cosmetic bag features a modern faux croc print and a zippered round top design for quick access to all your beauty essentials.

Features a spacious interior and two small inner pouches to store smaller items
Durable, easy-care fabric is ideal for daily use or travel
Gold-tone hardware and logo plaque
Approximately 10”L x 4”W x 7”H",http://www.xtremelashes.com/eyelash-extension-carryall-makeup-bag.aspx,http://assets.xtremelashes.com/cx/imagesMakeup/classic-carry-all-makeup-bag.jpg,http://assets.xtremelashes.com/cx/imagesMakeup/classic-carry-all-makeup-bag-thumb1.jpg,http://assets.xtremelashes.com/cx/imagesMakeup/classic-carry-all-makeup-bag-thumb2.jpg
Xtreme Lashes Consumer Product Feed as of (8/19/2015),Compact Mirror,2.95,View standard reflection and 2x magnification with this dual-sided mirror compact.,"An essential accessory for women on the go! This dual-sided Compact Mirror features a standard mirror for accurate reflection on one side and a 2x magnified mirror for more detailed viewing on the other. Approximately 2.5"" in diameter.",http://www.xtremelashes.com/xtreme-lashes-mirror-compact.aspx,http://assets.xtremelashes.com/cx/imagesMakeup/Xtreme-Lashes-Mirror-Compact.jpg,http://assets.xtremelashes.com/cx/imagesMakeup/Xtreme-Lashes-Mirror-Compact-thumb1.jpg,http://assets.xtremelashes.com/cx/imagesMakeup/Xtreme-Lashes-Mirror-Compact-thumb2.jpg
Xtreme Lashes Consumer Product Feed as of (8/19/2015),CRYSTALLIZED™ – Swarovski Elements Body Art Crystals – Aquamarine – 2.1mm,5.99,"Premium Austrian crystals inspired by fashion, color and art.",,http://www.xtremelashes.com/swarovski-elements-Face-body-crystals.aspx,http://assets.xtremelashes.com/cx/imagesMakeup/2.1mm-Aquamarine-swarovski-body-crystals.jpg,http://assets.xtremelashes.com/cx/imagesMakeup/2.1mm-Aquamarine-swarovski-body-crystals-thumb1.jpg,http://assets.xtremelashes.com/cx/imagesMakeup/2.1mm-Aquamarine-swarovski-body-crystals-thumb2.jpg
Xtreme Lashes Consumer Product Feed as of (8/19/2015),CRYSTALLIZED™ – Swarovski Elements Body Art Crystals – Aquamarine – 2.9mm,5.99,"Premium Austrian crystals inspired by fashion, color and art.",,http://www.xtremelashes.com/swarovski-elements-Face-body-crystals.aspx,http://assets.xtremelashes.com/cx/imagesMakeup/2.9mm-Aquamarine-swarovski-body-crystals.jpg,http://assets.xtremelashes.com/cx/imagesMakeup/2.9mm-Aquamarine-swarovski-body-crystals-thumb1.jpg,http://assets.xtremelashes.com/cx/imagesMakeup/2.9mm-Aquamarine-swarovski-body-crystals-thumb2.jpg
Xtreme Lashes Consumer Product Feed as of (8/19/2015),CRYSTALLIZED™ – Swarovski Elements Body Art Crystals – Crystal – 2.1mm,5.99,"Premium Austrian crystals inspired by fashion, color and art.",,http://www.xtremelashes.com/swarovski-elements-Face-body-crystals.aspx,http://assets.xtremelashes.com/cx/imagesMakeup/2.1mm-Crystal-swarovski-body-crystals.jpg,http://assets.xtremelashes.com/cx/imagesMakeup/2.1mm-Crystal-swarovski-body-crystals-thumb1.jpg,http://assets.xtremelashes.com/cx/imagesMakeup/2.1mm-Crystal-swarovski-body-crystals-thumb2.jpg
Xtreme Lashes Consumer Product Feed as of (8/19/2015),CRYSTALLIZED™ – Swarovski Elements Body Art Crystals – Crystal – 2.9mm,5.99,"Premium Austrian crystals inspired by fashion, color and art.",,http://www.xtremelashes.com/swarovski-elements-Face-body-crystals.aspx,http://assets.xtremelashes.com/cx/imagesMakeup/2.9mm-Crystal-swarovski-body-crystals.jpg,http://assets.xtremelashes.com/cx/imagesMakeup/2.9mm-Crystal-swarovski-body-crystals-thumb1.jpg,http://assets.xtremelashes.com/cx/imagesMakeup/2.9mm-Crystal-swarovski-body-crystals-thumb2.jpg
Xtreme Lashes Consumer Product Feed as of (8/19/2015),CRYSTALLIZED™ – Swarovski Elements Body Art Crystals – Jet – 2.1mm,5.99,"Premium Austrian crystals inspired by fashion, color and art.",,http://www.xtremelashes.com/swarovski-elements-Face-body-crystals.aspx,http://assets.xtremelashes.com/cx/imagesMakeup/2.1mm-jet-swarovski-body-crystals.jpg,http://assets.xtremelashes.com/cx/imagesMakeup/2.1mm-jet-swarovski-body-crystals-thumb1.jpg,http://assets.xtremelashes.com/cx/imagesMakeup/2.1mm-jet-swarovski-body-crystals-thumb2.jpg
Xtreme Lashes Consumer Product Feed as of (8/19/2015),CRYSTALLIZED™ – Swarovski Elements Body Art Crystals – Light Rose – 2.1mm,5.99,"Premium Austrian crystals inspired by fashion, color and art.",,http://www.xtremelashes.com/swarovski-elements-Face-body-crystals.aspx,http://assets.xtremelashes.com/cx/imagesMakeup/2.1mm-Light-Rose-swarovski-body-crystals.jpg,http://assets.xtremelashes.com/cx/imagesMakeup/2.1mm-Light-Rose-swarovski-body-crystals-thumb1.jpg,http://assets.xtremelashes.com/cx/imagesMakeup/2.1mm-Light-Rose-swarovski-body-crystals-thumb2.jpg
Xtreme Lashes Consumer Product Feed as of (8/19/2015),CRYSTALLIZED™ – Swarovski Elements Body Art Crystals – Light Rose – 2.9mm,5.99,"Premium Austrian crystals inspired by fashion, color and art.",,http://www.xtremelashes.com/swarovski-elements-Face-body-crystals.aspx,http://assets.xtremelashes.com/cx/imagesMakeup/2.9mm-Light-Rose-swarovski-body-crystals.jpg,http://assets.xtremelashes.com/cx/imagesMakeup/2.9mm-Light-Rose-swarovski-body-crystals-thumb1.jpg,http://assets.xtremelashes.com/cx/imagesMakeup/2.9mm-Light-Rose-swarovski-body-crystals-thumb2.jpg
Xtreme Lashes Consumer Product Feed as of (8/19/2015),CRYSTALLIZED™ – Swarovski Elements Body Art Crystals – Light Siam – 2.1mm,5.99,"Premium Austrian crystals inspired by fashion, color and art.","Create unique and detailed designs around the eyes, face, and body with Swarovski Elements Body Art Crystals. Designed with a self-adhesive backing, these crystals are easy to apply and can adhere directly onto the skin with ease. Dermatologist-tested. Available in a variety of sizes and colors.",http://www.xtremelashes.com/swarovski-elements-Face-body-crystals.aspx,http://assets.xtremelashes.com/cx/imagesMakeup/2.1mm-Light-Siam-swarovski-body-crystals.jpg,http://assets.xtremelashes.com/cx/imagesMakeup/2.1mm-Light-Siam-swarovski-body-crystals-thumb1.jpg,http://assets.xtremelashes.com/cx/imagesMakeup/2.1mm-Light-Siam-swarovski-body-crystals-thumb2.jpg
Xtreme Lashes Consumer Product Feed as of (8/19/2015),CRYSTALLIZED™ – Swarovski Elements Body Art Crystals – Light Siam – 2.9mm,5.99,"Premium Austrian crystals inspired by fashion, color and art.",,http://www.xtremelashes.com/swarovski-elements-Face-body-crystals.aspx,http://assets.xtremelashes.com/cx/imagesMakeup/2.9mm-Light-Siam-swarovski-body-crystals.jpg,http://assets.xtremelashes.com/cx/imagesMakeup/2.9mm-Light-Siam-swarovski-body-crystals-thumb1.jpg,http://assets.xtremelashes.com/cx/imagesMakeup/2.9mm-Light-Siam-swarovski-body-crystals-thumb2.jpg
Xtreme Lashes Consumer Product Feed as of (8/19/2015),CRYSTALLIZED™ – Swarovski Elements Body Art Crystals – Peridot – 2.1mm,5.99,"Premium Austrian crystals inspired by fashion, color and art.",,http://www.xtremelashes.com/swarovski-elements-Face-body-crystals.aspx,http://assets.xtremelashes.com/cx/imagesMakeup/2.1mm-Peridot-swarovski-body-crystals.jpg,http://assets.xtremelashes.com/cx/imagesMakeup/2.1mm-Peridot-swarovski-body-crystals-thumb1.jpg,http://assets.xtremelashes.com/cx/imagesMakeup/2.1mm-Peridot-swarovski-body-crystals-thumb2.jpg
Xtreme Lashes Consumer Product Feed as of (8/19/2015),CRYSTALLIZED™ – Swarovski Elements Body Art Crystals – Peridot – 2.9mm,5.99,"Premium Austrian crystals inspired by fashion, color and art.",,http://www.xtremelashes.com/swarovski-elements-Face-body-crystals.aspx,http://assets.xtremelashes.com/cx/imagesMakeup/2.9mm-Peridot-swarovski-body-crystals.jpg,http://assets.xtremelashes.com/cx/imagesMakeup/2.9mm-Peridot-swarovski-body-crystals-thumb1.jpg,http://assets.xtremelashes.com/cx/imagesMakeup/2.9mm-Peridot-swarovski-body-crystals-thumb2.jpg
Xtreme Lashes Consumer Product Feed as of (8/19/2015),CRYSTALLIZED™ – Swarovski Elements Body Art Crystals – Sapphire – 2.1mm,5.99,"Premium Austrian crystals inspired by fashion, color and art.",,http://www.xtremelashes.com/swarovski-elements-Face-body-crystals.aspx,http://assets.xtremelashes.com/cx/imagesMakeup/2.1mm-Sapphire-swarovski-body-crystals.jpg,http://assets.xtremelashes.com/cx/imagesMakeup/2.1mm-Sapphire-swarovski-body-crystals-thumb1.jpg,http://assets.xtremelashes.com/cx/imagesMakeup/2.1mm-Sapphire-swarovski-body-crystals-thumb2.jpg
Xtreme Lashes Consumer Product Feed as of (8/19/2015),CRYSTALLIZED™ – Swarovski Elements Body Art Crystals – Topaz – 2.1mm,5.99,"Premium Austrian crystals inspired by fashion, color and art.",,http://www.xtremelashes.com/swarovski-elements-Face-body-crystals.aspx,http://assets.xtremelashes.com/cx/imagesMakeup/2.1mm-Topaz-swarovski-body-crystals.jpg,http://assets.xtremelashes.com/cx/imagesMakeup/2.1mm-Topaz-swarovski-body-crystals-thumb1.jpg,http://assets.xtremelashes.com/cx/imagesMakeup/2.1mm-Topaz-swarovski-body-crystals-thumb2.jpg
Xtreme Lashes Consumer Product Feed as of (8/19/2015),CRYSTALLIZED™ – Swarovski Elements Body Art Crystals – Topaz – 2.9mm,5.99,"Premium Austrian crystals inspired by fashion, color and art.",,http://www.xtremelashes.com/swarovski-elements-Face-body-crystals.aspx,http://assets.xtremelashes.com/cx/imagesMakeup/2.9mm-Topaz-swarovski-body-crystals.jpg,http://assets.xtremelashes.com/cx/imagesMakeup/2.9mm-Topaz-swarovski-body-crystals-thumb1.jpg,http://assets.xtremelashes.com/cx/imagesMakeup/2.9mm-Topaz-swarovski-body-crystals-thumb2.jpg
Xtreme Lashes Consumer Product Feed as of (8/19/2015),Amplifeye<sup>®</sup> Lash & Brow Fortifier,119.00,"Achieve longer, fuller, and more abundant-looking eyelashes and eyebrows with a powerful, drug-free formula supercharged with three proven peptide complexes, vitamins, and antioxidants.","A targeted treatment like no other, Amplifeye® Lash &amp; Brow Fortifier combines a maximum concentration of three proven peptide complexes, vitamins, and ten nutrient-rich botanical extracts to visibly fortify and nourish eyelashes and eyebrows in one step. Utilizing a liposomal delivery system, this amino acid-rich formula conditions, strengthens, and prevents premature eyelash and eyebrow loss. With daily use, eyelashes and eyebrows appear dramatically longer, stronger, fuller, and more abundant. Innovative liposomal delivery system efficiently facilitates the passage of ingredientsAntioxidants guard against free radicals, which aid in prevention of premature sheddingProstaglandin-free and drug-free Fragrance-free and dye-free Strengthens natural eyelashes resulting in an ideal foundation for eyelash extension applicationCompatible with Xtreme Lashes Semi-Permanent Eyelash ExtensionsHigh-performance Botanical ExtractsGreen tea, borage, saw palmetto, evening primrose, nettle, apple, sugar cane, rosemary leaf, ginseng and witch hazelBehind the ScienceAmino acids are the building blocks of protein, which hair is made up of. With age, amino acid levels gradually decline, resulting in weak, thin, short, and sparse eyelashes and brows. Amplifeye Lash &amp; Brow Fortifier contains the highest level of amino acid-rich peptides, which replenish amino acids at the follicle level, to visibly fortify and nourish eyelashes and eyebrows.Individual results may vary and continuous use is needed to maintain results. For maximized results, use with Amplifeye Lash &amp; Brow Supplement.",http://www.xtremelashes.com/grow-eyelashes-amplifeye.aspx,http://assets.xtremelashes.com/cx/imagesMakeup/grow-eyelashes-amplifeye.jpg,http://assets.xtremelashes.com/cx/imagesMakeup/grow-eyelashes-amplifeye-thumb1.jpg,http://assets.xtremelashes.com/cx/imagesMakeup/grow-eyelashes-amplifeye-thumb2.jpg
Xtreme Lashes Consumer Product Feed as of (8/19/2015),"Amplifeye<sup>®</sup> Lash, Brow & Hair Formula",45.00,"This advanced dietary supplement regimen helps to nourish and strengthen from within, providing key nutrients such as 8 B-vitamins, minerals, essential fatty acids, and antioxidant-rich botanical extracts. 30 day supply.","Amplifeye Lash, Brow &amp; Hair Formula (formerly Amplifeye Lash &amp; Brow Supplement) presents a breakthrough in targeted nutrition for lashes, brows, and hair. This advanced dietary supplement regimen helps to nourish and strengthen from within, providing key nutrients such as 8 B-vitamins, minerals, essential fatty acids, and antioxidant-rich botanical extracts. View all Key Ingredients.Scientifically formulated, Amplifeye Lash, Brow &amp; Hair Formula has been specifically designed by Jo Mousselli for use in conjunction with daily topical application of Amplifeye Lash &amp; Brow Fortifier. Used as a system, the products support lash, brow, and hair health holistically – from the inside and outside – both sharing natural botanical ingredients such as green tea, saw palmetto, borage, ginseng, evening primrose and rosemary.Take Amplifeye Lash, Brow &amp; Hair Formula daily to support lash, brow, and hair growth, in addition to promoting overall healthier hair, skin and nails.Targets all 3 phases of the hair growth cycle with 8 B-vitamins, minerals, essential fatty acids, and antioxidantsOmega-rich formula conditions and protects lashes, brows, hair, skin, and nailsStrengthens hair follicles to improve regrowth density and prevent premature shedding and grayingEnhances circulation for effective delivery and absorption of concentrated ingredientsContains no gluten, soy, salt, sugar, yeast, wheat, nuts, milk, egg, artificial colors or preservatives. VegetarianTake one softgel and one caplet daily, preferably with a substantial meal. Amplifeye Lash, Brow &amp; Hair Formula can be taken along with your existing multivitamins. For best results, use in conjunction with Amplifeye Lash &amp; Brow Fortifier.30 day supply",http://www.xtremelashes.com/eyelash-extensions-amplifeye-lash-enhancer-Supplement.aspx,http://assets.xtremelashes.com/cx/imagesMakeup/Amplifeye-Lash-Growth-Supplement.jpg,http://assets.xtremelashes.com/cx/imagesMakeup/Amplifeye-Lash-Growth-Supplement-thumb1.jpg,http://assets.xtremelashes.com/cx/imagesMakeup/Amplifeye-Lash-Growth-Supplement-thumb2.jpg
Xtreme Lashes Consumer Product Feed as of (8/19/2015),Total Eye Repair Serum,68.00,"Minimize the appearance of fine lines, wrinkles, sagging skin, and puffiness with one complete eye care solution that addresses multiple signs of aging on the under eyes and eyelids.","Address fine lines, wrinkles, sagging skin, and puffiness with an advanced multi-tasking eye care solution from Xtreme Lashes by Jo Mousselli. This concentrated, oil-free serum has been clinically proven to hydrate, visibly firm, and reduce the appearance of aging on the delicate skin under the eyes and on the eyelids. Utilizing a powerful multi-peptide complex, this cutting-edge treatment helps promote skin's natural regenerative properties, resulting in more youthful-looking eyes.Multi-peptide Complex reduces the appearance of fine lines and wrinkles by promoting skin's natural mechanism to signal collagen production. This technology also helps prevent collagen breakdown triggered by naturally occurring enzymes that cause skin aging. MicroLift Complex provides instant and long-term benefits by improving tone and texture. Cork oak extract forms an invisible matrix on the skin's surface to visibly lift and firm the eye area, while redensifying peptides penetrate deeper layers to restructure the look of sagging skin. Hyaluronic Sponge Delivery System utilizes microscopic hyaluronic acid sponges to carry active anti-aging ingredients into the skin. This hyaluronic acid network provides continuous hydration and delivery of active anti-aging ingredients through a sustained release system. In an independent clinical study, 86% of participants felt significant improvement in skin firmness after just 6 hours. The following percentage of participants also noticed significant improvements in the appearance of the following after 8 weeks:Skin firmness92%Skin smoothness89%Reduced fine lines and wrinkles86%Reduced puffiness81%Dermatologist and Ophthalmologist tested. Hypoallergenic. Compatible with Xtreme Lashes Eyelash Extensions.",http://www.xtremelashes.com/eyelash-extension-eye-serum.aspx,http://assets.xtremelashes.com/cx/imagesMakeup/eyelash-extension-eye-serum.jpg,http://assets.xtremelashes.com/cx/imagesMakeup/eyelash-extension-eye-serum-thumb1.jpg,http://assets.xtremelashes.com/cx/imagesMakeup/eyelash-extension-eye-serum-thumb2.jpg
Xtreme Lashes Consumer Product Feed as of (8/19/2015),"Under Eye Gel Patches, Hydrating (6 pairs)",19.00,"Instantly diminish the appearance of fine lines, wrinkles, and crow's feet with a moisture-locking hyaluronic acid treatment. 6 pairs.","Refresh and rejuvenate eyes instantly with an antioxidant-rich under eye treatment from Xtreme Lashes by Jo Mousselli. Formulated with hyaluronic acid to intensely hydrate and plump the skin to diminish the appearance of wrinkles, fine lines and crow's feet. Also contains Vitamin E, green tea, allantoin, ginseng, aloe vera, and glycerin to nourish and protect the skin from damaging free radicals. 6 pairs.",http://www.xtremelashes.com/hydrating-under-eye-gel-patches-treatment.aspx,http://assets.xtremelashes.com/cx/imagesMakeup/under-eye-gel-patch-eyelash-extension.jpg,http://assets.xtremelashes.com/cx/imagesMakeup/under-eye-gel-patch-eyelash-extension-thumb1.jpg,http://assets.xtremelashes.com/cx/imagesMakeup/under-eye-gel-patch-eyelash-extension-thumb2.jpg
Xtreme Lashes Consumer Product Feed as of (8/19/2015),Eye Makeup Remover & Facial Cleanser (120 ml),34.00,"An award-winning aloe vera juice cleanser formulated with 6&nbsp;nourishing botanical extracts that refresh and rejuvenate the skin, lashes, and brows.","An award-winning and nourishing cleanser formulated to effectively cleanse eyes and face without affecting eyelash extensions. Using coconut derived cleansing agents, this refreshing aloe vera juice formula gently removes all traces of makeup and impurities, while six botanical extracts calm and soothe skin, lashes, and brows.Contains six calming and soothing botanical extracts (chamomile, comfrey leaf, cucumber, eyebright, witch hazel and rose hip)Ideal for all skin types, even sensitive skinFormulated without artificial colors, fragrances, dyes or mineral oilCompatible with Xtreme Lashes Eyelash ExtensionsBeauty Launchpad Award Reader's Choice Best Eye Makeup RemoverShecky's Beauty At Its Best WinnerIf you wear Xtreme Lashes Eyelash Extensions, Jo Mousselli recommends reading eye makeup removal tips in More Details.",http://www.xtremelashes.com/eyelash-extensions-makeup-remover.aspx,http://assets.xtremelashes.com/cx/imagesMakeup/eyelash-extensions-makeup-remover-xtreme-lashes.jpg,http://assets.xtremelashes.com/cx/imagesMakeup/eyelash-extensions-makeup-remover-xtreme-lashes-thumb1.jpg,http://assets.xtremelashes.com/cx/imagesMakeup/eyelash-extensions-makeup-remover-xtreme-lashes-thumb2.jpg
Xtreme Lashes Consumer Product Feed as of (8/19/2015),Eye Makeup Remover & Facial Cleanser (15 ml),15.00,"An ideal eye makeup remover for eyelash extensions wearers, this soothing aloe vera juice-based formula gently cleanses and moisturizes skin while conditioning natural lashes and brows.","An ideal eye makeup remover for eyelash extensions wearers, this soothing aloe vera juice-based formula gently cleanses and moisturizes skin while conditioning natural&nbsp;lashes and brows. A coconut-derived cleansing agent removes impurities and makeup while antioxidant and vitamin-rich botanical extracts including rosehip, chamomile, eyebright and cucumber calm, refresh and nourish and protect the skin.


No artificial colors, fragrances, dyes, or mineral oils. 

Sulfate-free - won't irritate or strip your skin of natural oils. 

Compatible with eyelash extensions and natural lashes. 

Suitable for all skin types, even sensitive skin.
",http://www.xtremelashes.com/eyelash-extensions-makeup-remover.aspx,http://assets.xtremelashes.com/cx/imagesMakeup/lash-extensions-makeup-remover-mini-xtremelashes.jpg,http://assets.xtremelashes.com/cx/imagesMakeup/lash-extensions-makeup-remover-mini-xtremelashes-thumb1.jpg,http://assets.xtremelashes.com/cx/imagesMakeup/lash-extensions-makeup-remover-mini-xtremelashes-thumb2.jpg
Xtreme Lashes Consumer Product Feed as of (8/19/2015),Protective Coating,49.00,Extend the life of eyelash extensions with a unique formula that seals and protects the attachment area. May also be used to hold eyelash extensions in place and add subtle sheen.,"Extend the life of eyelash extensions! This innovative formula coats and seals the attachment area between the eyelash extension and the natural eyelash, creating a protective barrier against oil, perspiration, dust and debris. Style, shape, and hold curl while adding a subtle sheen- in just one step!Adds longevity and protects eyelash extensionsContours, shapes, and holds eyelash extensions into placeEasy application with the slim mascara-style brushSafe on natural lashesRecommended use is one to two times per week only. Jo Mousselli recommends reading this product's application tips in More Details.0.34 fl. oz./10 ml",http://www.xtremelashes.com/eyelash-extensions-sealer-protective-coating.aspx,http://assets.xtremelashes.com/cx/imagesMakeup/eyelash-extension-sealer-protective-coating-xtreme-lashes.jpg,http://assets.xtremelashes.com/cx/imagesMakeup/eyelash-extension-sealer-protective-coating-xtreme-lashes-thumb1.jpg,http://assets.xtremelashes.com/cx/imagesMakeup/eyelash-extension-sealer-protective-coating-xtreme-lashes-thumb2.jpg
Xtreme Lashes Consumer Product Feed as of (8/19/2015),GlideLiner™ Eye Pencil – Black Pearl,29.00,"Emphasize eyes with this smudge-proof, color-rich gel liner that lasts all day. The Vitamin E-enriched formula glides on smooth like a liquid, in an easy-to-apply pencil. Available in 8 wearable shades.","Inspired by Jo Mousselli’s wish to simplify the modern woman’s beauty routine, GlideLiner Long Lasting Eye Pencil combines the benefits of a liquid liner with the application ease of a traditional pencil, while maintaining compatibility with Xtreme Lashes Eyelash Extensions. The silky-smooth gel formula glides on gently and easily, allowing you to achieve an ultra pigmented, precise, and perfectly defined eye. Must be used exclusively with the GlideLiner Sharpener. For external use only.Innovative long-lasting gel technologyGlides&nbsp;on easily and gently&nbsp;without tuggingBlends upon application, then dries into a smudge-proof finishVitamin E-enrichedCompatible with Xtreme Lashes Eyelash ExtensionsEnjoy one complimentary GlideLiner Sharpener at checkout. Additionally, place cap back on tightly after every use to prevent the gel formula from drying.Beauty Launchpad Award Reader's Choice Best Eyeliner",http://www.xtremelashes.com/eyelash-extensions-eyeliner-Glideliner-pencil.aspx,http://assets.xtremelashes.com/cx/imagesMakeup/GlideLiner-Eyelash-Extensions-gel-eyeliner-Black-Pearl.jpg,http://assets.xtremelashes.com/cx/imagesMakeup/GlideLiner-Eyelash-Extensions-gel-eyeliner-Black-Pearl-thumb1.jpg,http://assets.xtremelashes.com/cx/imagesMakeup/GlideLiner-Eyelash-Extensions-gel-eyeliner-Black-Pearl-thumb2.jpg
Xtreme Lashes Consumer Product Feed as of (8/19/2015),GlideLiner™ Eye Pencil – Golden Olive,29.00,"Emphasize eyes with this smudge-proof, color-rich gel liner that lasts all day. The Vitamin E-enriched formula glides on smooth like a liquid, in an easy-to-apply pencil. Available in 8 wearable shades.","Inspired by Jo Mousselli’s wish to simplify the modern woman’s beauty routine, GlideLiner Long Lasting Eye Pencil combines the benefits of a liquid liner with the application ease of a traditional pencil, while maintaining compatibility with Xtreme Lashes Eyelash Extensions. The silky-smooth gel formula glides on gently and easily, allowing you to achieve an ultra pigmented, precise, and perfectly defined eye. Must be used exclusively with the GlideLiner Sharpener. For external use only.Innovative long-lasting gel technologyGlides&nbsp;on easily and gently&nbsp;without tuggingBlends upon application, then dries into a smudge-proof finishVitamin E-enrichedCompatible with Xtreme Lashes Eyelash ExtensionsEnjoy one complimentary GlideLiner Sharpener at checkout. Additionally, place cap back on tightly after every use to prevent the gel formula from drying.Beauty Launchpad Award Reader's Choice Best Eyeliner",http://www.xtremelashes.com/eyelash-extensions-eyeliner-Glideliner-pencil.aspx,http://assets.xtremelashes.com/cx/imagesMakeup/GlideLiner-Eyelash-Extensions-gel-eyeliner-Golden-Olive.jpg,http://assets.xtremelashes.com/cx/imagesMakeup/GlideLiner-Eyelash-Extensions-gel-eyeliner-Golden-Olive-thumb1.jpg,http://assets.xtremelashes.com/cx/imagesMakeup/GlideLiner-Eyelash-Extensions-gel-eyeliner-Golden-Olive-thumb2.jpg
Xtreme Lashes Consumer Product Feed as of (8/19/2015),GlideLiner™ Eye Pencil – Graphite,29.00,"Emphasize eyes with this smudge-proof, color-rich gel liner that lasts all day. The Vitamin E-enriched formula glides on smooth like a liquid, in an easy-to-apply pencil. Available in 8 wearable shades.","Inspired by Jo Mousselli’s wish to simplify the modern woman’s beauty routine, GlideLiner Long Lasting Eye Pencil combines the benefits of a liquid liner with the application ease of a traditional pencil, while maintaining compatibility with Xtreme Lashes Eyelash Extensions. The silky-smooth gel formula glides on gently and easily, allowing you to achieve an ultra pigmented, precise, and perfectly defined eye. Must be used exclusively with the GlideLiner Sharpener. For external use only.Innovative long-lasting gel technologyGlides&nbsp;on easily and gently&nbsp;without tuggingBlends upon application, then dries into a smudge-proof finishVitamin E-enrichedCompatible with Xtreme Lashes Eyelash ExtensionsEnjoy one complimentary GlideLiner Sharpener at checkout. Additionally, place cap back on tightly after every use to prevent the gel formula from drying.Beauty Launchpad Award Reader's Choice Best Eyeliner",http://www.xtremelashes.com/eyelash-extensions-eyeliner-Glideliner-pencil.aspx,http://assets.xtremelashes.com/cx/imagesMakeup/GlideLiner-Eyelash-Extensions-gel-eyeliner-Graphite.jpg,http://assets.xtremelashes.com/cx/imagesMakeup/GlideLiner-Eyelash-Extensions-gel-eyeliner-Graphite-thumb1.jpg,http://assets.xtremelashes.com/cx/imagesMakeup/GlideLiner-Eyelash-Extensions-gel-eyeliner-Graphite-thumb2.jpg
Xtreme Lashes Consumer Product Feed as of (8/19/2015),GlideLiner™ Eye Pencil – Midnight Blue,29.00,"Emphasize eyes with this smudge-proof, color-rich gel liner that lasts all day. The Vitamin E-enriched formula glides on smooth like a liquid, in an easy-to-apply pencil. Available in 8 wearable shades.","Inspired by Jo Mousselli’s wish to simplify the modern woman’s beauty routine, GlideLiner Long Lasting Eye Pencil combines the benefits of a liquid liner with the application ease of a traditional pencil, while maintaining compatibility with Xtreme Lashes Eyelash Extensions. The silky-smooth gel formula glides on gently and easily, allowing you to achieve an ultra pigmented, precise, and perfectly defined eye. Must be used exclusively with the GlideLiner Sharpener. For external use only.Innovative long-lasting gel technologyGlides&nbsp;on easily and gently&nbsp;without tuggingBlends upon application, then dries into a smudge-proof finishVitamin E-enrichedCompatible with Xtreme Lashes Eyelash ExtensionsEnjoy one complimentary GlideLiner Sharpener at checkout. Additionally, place cap back on tightly after every use to prevent the gel formula from drying.Beauty Launchpad Award Reader's Choice Best Eyeliner",http://www.xtremelashes.com/eyelash-extensions-eyeliner-Glideliner-pencil.aspx,http://assets.xtremelashes.com/cx/imagesMakeup/GlideLiner-Eyelash-Extensions-gel-eyeliner-Blue.jpg,http://assets.xtremelashes.com/cx/imagesMakeup/GlideLiner-Eyelash-Extensions-gel-eyeliner-Blue-thumb1.jpg,http://assets.xtremelashes.com/cx/imagesMakeup/GlideLiner-Eyelash-Extensions-gel-eyeliner-Blue-thumb2.jpg
Xtreme Lashes Consumer Product Feed as of (8/19/2015),GlideLiner™ Eye Pencil – Plum,29.00,"Emphasize eyes with this smudge-proof, color-rich gel liner that lasts all day. The Vitamin E-enriched formula glides on smooth like a liquid, in an easy-to-apply pencil. Available in 8 wearable shades.","Inspired by Jo Mousselli’s wish to simplify the modern woman’s beauty routine, GlideLiner Long Lasting Eye Pencil combines the benefits of a liquid liner with the application ease of a traditional pencil, while maintaining compatibility with Xtreme Lashes Eyelash Extensions. The silky-smooth gel formula glides on gently and easily, allowing you to achieve an ultra pigmented, precise, and perfectly defined eye. Must be used exclusively with the GlideLiner Sharpener. For external use only.Innovative long-lasting gel technologyGlides&nbsp;on easily and gently&nbsp;without tuggingBlends upon application, then dries into a smudge-proof finishVitamin E-enrichedCompatible with Xtreme Lashes Eyelash ExtensionsEnjoy one complimentary GlideLiner Sharpener at checkout. Additionally, place cap back on tightly after every use to prevent the gel formula from drying.Beauty Launchpad Award Reader's Choice Best Eyeliner",http://www.xtremelashes.com/eyelash-extensions-eyeliner-Glideliner-pencil.aspx,http://assets.xtremelashes.com/cx/imagesMakeup/GlideLiner-Eyelash-Extensions-gel-eyeliner-Plum.jpg,http://assets.xtremelashes.com/cx/imagesMakeup/GlideLiner-Eyelash-Extensions-gel-eyeliner-Plum-thumb1.jpg,http://assets.xtremelashes.com/cx/imagesMakeup/GlideLiner-Eyelash-Extensions-gel-eyeliner-Plum-thumb2.jpg
Xtreme Lashes Consumer Product Feed as of (8/19/2015),GlideLiner™ Eye Pencil – Velvet Teal,29.00,"Emphasize eyes with this smudge-proof, color-rich gel liner that lasts all day. The Vitamin E-enriched formula glides on smooth like a liquid, in an easy-to-apply pencil. Available in 8 wearable shades.","Inspired by Jo Mousselli’s wish to simplify the modern woman’s beauty routine, GlideLiner Long Lasting Eye Pencil combines the benefits of a liquid liner with the application ease of a traditional pencil, while maintaining compatibility with Xtreme Lashes Eyelash Extensions. The silky-smooth gel formula glides on gently and easily, allowing you to achieve an ultra pigmented, precise, and perfectly defined eye. Must be used exclusively with the GlideLiner Sharpener. For external use only.Innovative long-lasting gel technologyGlides&nbsp;on easily and gently&nbsp;without tuggingBlends upon application, then dries into a smudge-proof finishVitamin E-enrichedCompatible with Xtreme Lashes Eyelash ExtensionsEnjoy one complimentary GlideLiner Sharpener at checkout. Additionally, place cap back on tightly after every use to prevent the gel formula from drying.Beauty Launchpad Award Reader's Choice Best Eyeliner",http://www.xtremelashes.com/eyelash-extensions-eyeliner-Glideliner-pencil.aspx,http://assets.xtremelashes.com/cx/imagesMakeup/GlideLiner-Eyelash-Extensions-gel-eyeliner-VelvetTeal.jpg,http://assets.xtremelashes.com/cx/imagesMakeup/GlideLiner-Eyelash-Extensions-gel-eyeliner-VelvetTeal-thumb1.jpg,http://assets.xtremelashes.com/cx/imagesMakeup/GlideLiner-Eyelash-Extensions-gel-eyeliner-VelvetTeal-thumb2.jpg
Xtreme Lashes Consumer Product Feed as of (8/19/2015),GlideLiner™ Eye Pencil – Xpresso,29.00,"Emphasize eyes with this smudge-proof, color-rich gel liner that lasts all day. The Vitamin E-enriched formula glides on smooth like a liquid, in an easy-to-apply pencil. Available in 8 wearable shades.","Inspired by Jo Mousselli’s wish to simplify the modern woman’s beauty routine, GlideLiner Long Lasting Eye Pencil combines the benefits of a liquid liner with the application ease of a traditional pencil, while maintaining compatibility with Xtreme Lashes Eyelash Extensions. The silky-smooth gel formula glides on gently and easily, allowing you to achieve an ultra pigmented, precise, and perfectly defined eye. Must be used exclusively with the GlideLiner Sharpener. For external use only.Innovative long-lasting gel technologyGlides&nbsp;on easily and gently&nbsp;without tuggingBlends upon application, then dries into a smudge-proof finishVitamin E-enrichedCompatible with Xtreme Lashes Eyelash ExtensionsEnjoy one complimentary GlideLiner Sharpener at checkout. Additionally, place cap back on tightly after every use to prevent the gel formula from drying.Beauty Launchpad Award Reader's Choice Best Eyeliner",http://www.xtremelashes.com/eyelash-extensions-eyeliner-Glideliner-pencil.aspx,http://assets.xtremelashes.com/cx/imagesMakeup/GlideLiner-Eyelash-Extensions-gel-eyeliner-Xpresso.jpg,http://assets.xtremelashes.com/cx/imagesMakeup/GlideLiner-Eyelash-Extensions-gel-eyeliner-Xpresso-thumb1.jpg,http://assets.xtremelashes.com/cx/imagesMakeup/GlideLiner-Eyelash-Extensions-gel-eyeliner-Xpresso-thumb2.jpg
Xtreme Lashes Consumer Product Feed as of (8/19/2015),GlideLiner™ Eye Pencil – Xtreme Black,29.00,"Emphasize eyes with this smudge-proof, color-rich gel liner that lasts all day. The Vitamin E-enriched formula glides on smooth like a liquid, in an easy-to-apply pencil. Available in 8 wearable shades.","Inspired by Jo Mousselli’s wish to simplify the modern woman’s beauty routine, GlideLiner Long Lasting Eye Pencil combines the benefits of a liquid liner with the application ease of a traditional pencil, while maintaining compatibility with Xtreme Lashes Eyelash Extensions. The silky-smooth gel formula glides on gently and easily, allowing you to achieve an ultra pigmented, precise, and perfectly defined eye. Must be used exclusively with the GlideLiner Sharpener. For external use only.Innovative long-lasting gel technologyGlides&nbsp;on easily and gently&nbsp;without tuggingBlends upon application, then dries into a smudge-proof finishVitamin E-enrichedCompatible with Xtreme Lashes Eyelash ExtensionsEnjoy one complimentary GlideLiner Sharpener at checkout. Additionally, place cap back on tightly after every use to prevent the gel formula from drying.Beauty Launchpad Award Reader's Choice Best Eyeliner",http://www.xtremelashes.com/eyelash-extensions-eyeliner-Glideliner-pencil.aspx,http://assets.xtremelashes.com/cx/imagesMakeup/GlideLiner-Eyelash-Extensions-gel-eyeliner-Black.jpg,http://assets.xtremelashes.com/cx/imagesMakeup/GlideLiner-Eyelash-Extensions-gel-eyeliner-Black-thumb1.jpg,http://assets.xtremelashes.com/cx/imagesMakeup/GlideLiner-Eyelash-Extensions-gel-eyeliner-Black-thumb2.jpg
Xtreme Lashes Consumer Product Feed as of (8/19/2015),Length & Volume Mascara,34.00,"Add high-impact length and volume to lashes without clumps, flakes, or smudges. The conditioning Vitamin B5 formula is gentle and easy to remove.","Featuring a large, lash-maximizing brush that thickens each lash from base to tip - extreme length and volume is achieved. This color-rich formula creates high-impact definition, volume, and separation without any clumps, flakes, or smudges. With lash conditioning ingredients and a formula that doesn't disrupt eyelash extensions, the Xtreme Lashes by Jo Mousselli Length &amp; Volume is a must-have mascara that can do it all.Long-lasting, water-based formulaVitamin B-enrichedIdeal for sensitive eyes and contact lens safeRemoves easily with&nbsp;Eye Makeup Remover &amp; Facial CleanserCompatible with&nbsp;Xtreme Lashes Eyelash Extensions and natural lashesIf you wear Xtreme Lashes Eyelash Extensions, Jo Mousselli recommends reading this product's application and removal tips in More Details.",http://www.xtremelashes.com/eyelash-extensions-mascara-xtreme-length-volume.aspx,http://assets.xtremelashes.com/cx/imagesMakeup/Length-Volume-Eyelash-Extensions-Mascara.jpg,http://assets.xtremelashes.com/cx/imagesMakeup/Length-Volume-Eyelash-Extensions-Mascara-thumb1.jpg,http://assets.xtremelashes.com/cx/imagesMakeup/Length-Volume-Eyelash-Extensions-Mascara-thumb2.jpg
Xtreme Lashes Consumer Product Feed as of (8/19/2015),Volumizing Mascara,29.00,"A volumizing mascara, enriched with botanical extracts to strengthen and condition lashes.","Turn up the volume! A nourishing mascara for eyelash extensions and natural eyelashes, this volumizing formula is enriched with botanical extracts to strengthen and condition, in addition to providing long-lasting, comfortable all-day wear. Each stroke of this precision, lash-separating brush delivers&nbsp;intense&nbsp;color, shine and dramatic volume.Protects lashes and adds shine with tea, calendula, parsley, angelica, and dogwood fruit extracts Conditions lashes with allantoin, mushroom extract, and royal jelly extracts Removes easily with Eye Makeup Remover &amp; Facial Cleanser Compatible with Xtreme Lashes Eyelash Extensions and natural lashesIf you wear Xtreme Lashes Eyelash Extensions, Jo Mousselli recommends reading this product's application and removal tips in More Details.",http://www.xtremelashes.com/lash-extensions-mascara-xtreme-volume.aspx,http://assets.xtremelashes.com/cx/imagesMakeup/Volume-Mascara-for-Eyelash-Extensions.jpg,http://assets.xtremelashes.com/cx/imagesMakeup/Volume-Mascara-for-Eyelash-Extensions-thumb1.jpg,http://assets.xtremelashes.com/cx/imagesMakeup/Volume-Mascara-for-Eyelash-Extensions-thumb2.jpg
Xtreme Lashes Consumer Product Feed as of (8/19/2015),Long Lasting Brow Pen,24.00,Define brows effortlessly with natural-looking color in a long-wear finish.,"Achieve flawless, sculpted brows with ease and confidence! This innovative formula fills sparse areas, evenly tints each hair, and disguises grays for a natural, youthful appearance. The soft-tipped pen allows for an effortless application without any waxy buildup or powder residue.Insider Tips:&nbsp; Deep is a universal brown that suits cool blondes, light brown to deep brown or black hair. To read more about application and removal, please click here. product should be applied to brows that are clean, dry, free of skincare, and following face makeup/powder application. Watch the training video now.",http://www.xtremelashes.com/eyebrow-pen.aspx,http://assets.xtremelashes.com/cx/imagesMakeup/Eyebrow-Pen-Deep-Xtreme-Lashes.jpg,http://assets.xtremelashes.com/cx/imagesMakeup/Eyebrow-Pen-Deep-Xtreme-Lashes-thumb1.jpg,http://assets.xtremelashes.com/cx/imagesMakeup/Eyebrow-Pen-Deep-Xtreme-Lashes-thumb2.jpg
Xtreme Lashes Consumer Product Feed as of (8/19/2015),Lint-Free Applicator (pack of 100),17.00,"Soft, gentle and multi-purpose, these cleansing tools are perfect for removing mascara, eyeliner and eye shadow with expert control. Available in 25 or 100-pack.","Soft, gentle and multi-purpose, these cleansing tools are perfect for removing mascara, eyeliner, and eye shadow with expert control. The unique applicator tip holds fluids in a non-drip suspension for targeted surface cleansing. Lint-Free Applicators are also an ideal alternative to traditional cotton swabs, which contain fibers that may get caught between natural eyelashes and eyelash extensions. Recommended for use with Eye Makeup Remover &amp; Facial Cleanser.",http://www.xtremelashes.com/eyelash-extensions-lint-free-applicators-remove-makeup.aspx,http://assets.xtremelashes.com/cx/imagesMakeup/Lint-Free-Applicator-Eyelash-Extension-Application.jpg,http://assets.xtremelashes.com/cx/imagesMakeup/Lint-Free-Applicator-Eyelash-Extension-Application-thumb1.jpg,http://assets.xtremelashes.com/cx/imagesMakeup/Lint-Free-Applicator-Eyelash-Extension-Application-thumb2.jpg
Xtreme Lashes Consumer Product Feed as of (8/19/2015),Long-Tipped Applicator (25-pack),3.75,This versatile elongated applicator aids both precision and larger area cleansing. The slim lint-free brush tip delivers a precise application of Xtreme Lashes Eye Makeup Remover or water in between and all over the eyelashes without dripping or leaving behind fiber particles that may become lodged at the attachment area. Also ideal for quick clean-up of eyeliner and mascara stains along the lash line and eyelid during makeup application.,This versatile elongated applicator aids both precision and larger area cleansing. The slim lint-free brush tip delivers a precise application of Xtreme Lashes Eye Makeup Remover or water in between and all over the eyelashes without dripping or leaving behind fiber particles that may become lodged at the attachment area. Also ideal for quick clean-up of eyeliner and mascara stains along the lash line and eyelid during makeup application.,http://www.xtremelashes.com/eyelash-extensions-long-tipped-applicator.aspx,http://assets.xtremelashes.com/cx/imagesMakeup/Long-Tip-Applicator.jpg,http://assets.xtremelashes.com/cx/imagesMakeup/Long-Tip-Applicator-thumb1.jpg,http://assets.xtremelashes.com/cx/imagesMakeup/Long-Tip-Applicator-thumb2.jpg
Xtreme Lashes Consumer Product Feed as of (8/19/2015),Long-Tipped Applicator (pack of 100),15.00,This versatile elongated applicator aids both precision and larger area cleansing. The slim lint-free brush tip delivers a precise application of Xtreme Lashes Eye Makeup Remover or water in between and all over the eyelashes without dripping or leaving behind fiber particles that may become lodged at the attachment area. Also ideal for quick clean-up of eyeliner and mascara stains along the lash line and eyelid during makeup application.,This versatile elongated applicator aids both precision and larger area cleansing. The slim lint-free brush tip delivers a precise application of Xtreme Lashes Eye Makeup Remover or water in between and all over the eyelashes without dripping or leaving behind fiber particles that may become lodged at the attachment area. Also ideal for quick clean-up of eyeliner and mascara stains along the lash line and eyelid during makeup application.,http://www.xtremelashes.com/eyelash-extensions-long-tipped-applicator.aspx,http://assets.xtremelashes.com/cx/imagesMakeup/Long-Tip-Applicator.jpg,http://assets.xtremelashes.com/cx/imagesMakeup/Long-Tip-Applicator-thumb1.jpg,http://assets.xtremelashes.com/cx/imagesMakeup/Long-Tip-Applicator-thumb2.jpg
Xtreme Lashes Consumer Product Feed as of (8/19/2015),Cosmetic Sponges,5.49,A cleansing tool that aids with targeted and all-over cleansing of the eye area and face. Ideal for eyelash extension wearers due to its lint-free texture. 40-pack.,"These lint-free professional cleansing sponges offer the quality, size, texture, and firmness that is essential for targeted and all-over cleansing of eye area and face. Its absorbency and softness is ideal for daily makeup removal. Latex-free. 40-pack.Ideal for eyelash extension wearers due to its lint-free texture.",http://www.xtremelashes.com/eyelash-extension-makeup-cleansing-sponge.aspx,http://assets.xtremelashes.com/cx/imagesMakeup/Eyelash-Extensions-cosmetic-sponges.jpg,http://assets.xtremelashes.com/cx/imagesMakeup/Eyelash-Extensions-cosmetic-sponges-thumb1.jpg,http://assets.xtremelashes.com/cx/imagesMakeup/Eyelash-Extensions-cosmetic-sponges-thumb2.jpg
Xtreme Lashes Consumer Product Feed as of (8/19/2015),Amplifeye<sup>®</sup> System,139.00,"A holistic, two-tiered regimen, comprised of Amplifeye Lash &amp; Brow Fortifier and Amplifeye Lash, Brow &amp; Hair Formula, fortifies and nourishes from the inside and outside, for stronger, longer, and more abundant lashes, brows, and hair. $164 value.","Unlock and maximize your true lash and brow potential with the Amplifeye System. A holistic, two-tiered regimen, comprised of Amplifeye Lash &amp; Brow Fortifier and Amplifeye Lash, Brow &amp; Hair Formula, fortifies and nourishes from the inside and outside, for stronger, longer, and more abundant lashes, brows, and hair. Used together, both products work in synergy to provide key nutrients essential for achieving even more remarkable results. This system includes:Amplifeye Lash &amp; Brow Fortifier – A topical lash and brow enhancer, supercharged with 3 proven peptide complexes and 10 antioxidant botanicals. Utilizing a liposomal delivery system, amino acid-rich peptides and antioxidants are carried to the follicle level, promoting cell rejuvenation and healthier-looking lash and brow growth. (0.17oz/5mL)Amplifeye Lash, Brow &amp; Hair Formula (formerly Amplifeye Lash &amp; Brow Supplement) – A daily dietary supplement comprised of 8 B-vitamins,&nbsp; minerals, essential fatty acids designed, and antioxidants to nourish, strengthen, and reinforce optimal lash, brow, and hair growth from within. Targeting all 3 phases of hair growth, this formula enhances circulation for effective delivery and absorption of ingredients. Vegetarian. (30 day supply)A combined retail value of $164 if sold separately.",http://www.xtremelashes.com/eyelash-extensions-amplifeye-lash-enhancer-system.aspx,http://assets.xtremelashes.com/cx/imagesMakeup/Amplifeye-System-lash-enhancer.jpg,http://assets.xtremelashes.com/cx/imagesMakeup/Amplifeye-System-lash-enhancer-thumb1.jpg,http://assets.xtremelashes.com/cx/imagesMakeup/Amplifeye-System-lash-enhancer-thumb2.jpg
Xtreme Lashes Consumer Product Feed as of (8/19/2015),Aftercare Essentials Kit,165.00,"Everything you need to cleanse, care, and extend the life of your eyelash extensions in one exclusive set! Xtreme Lashes Aftercare Essentials features essential must-haves in lash care, skincare, color and accessories. $234 value.","Show your lashes some love! Featuring essential products selected by Jo Mousselli for eyelash extension care, this exclusive kit includes everything needed to properly cleanse, protect, and maintain your eyelash extensions. Also included, two award-winning products: Eye Makeup Remover &amp; Facial Cleanser and GlideLiner™ Long Lasting Eye Pencil.What's Inside:Eye Makeup Remover &amp; Facial Cleanser (120mL)Protective CoatingLength &amp; Volume Mascara Deluxe Retractable Lash Styling WandCompact MirrorLint-Free Applicator (25-pack)Flex Tip Applicator (25-pack)GlideLiner Long Lasting Eye Pencil - Xtreme Black GlideLiner SharpenerHydrating Under Eye Gel Patches (6 Pairs)Cosmetic Sponges (40-pack)Classic Carry-AllBonus Samples:Total Eye Repair Serum Sample PacketteJo Mousselli™ Skin Renewing™ Concealer Sample CardA retail value of over $234.",http://www.xtremelashes.com/eyelash-extensions-after-care-essentials-kit.aspx,http://assets.xtremelashes.com/cx/imagesMakeup/AfterCare-Essentials-Kit-for-Eyelash-Extensions.jpg,http://assets.xtremelashes.com/cx/imagesMakeup/AfterCare-Essentials-Kit-for-Eyelash-Extensions-thumb1.jpg,http://assets.xtremelashes.com/cx/imagesMakeup/AfterCare-Essentials-Kit-for-Eyelash-Extensions-thumb2.jpg
Xtreme Lashes Consumer Product Feed as of (8/19/2015),Aftercare Essentials On-The-Go,98.00,Travel-friendly essentials to keep lashes and eyes looking fabulous. $135 value.,"Take your Xtreme Lashes by Jo Mousselli lash care essentials on the road! This kit includes travel-friendly essentials to keep lashes and eyes looking fabulous. Remove makeup with a soothing aloe vera-based cleanser, define lashes with a mascara that can do it all, extend the life of extensions with a little protectant, or rejuvenate jet-lagged eyes with an under eye pick-me-up. All this and more in one kit to get you gorgeous wherever you go.What's inside:Length &amp; Volume MascaraProtective CoatingEye Makeup Remover &amp; Facial Cleanser (15 ml)Hydrating Under Eye Gel Patches (6 pairs)Lint-Free Applicator (25-pack)Flex Tip Applicator (25-pack)Disposable Mascara Brushes (10-pack)Compact MirrorBonus Samples:Total Eye Repair Serum Sample PacketteJo Mousselli™ Skin Renewing™ Concealer CardA retail value of over $140.",http://www.xtremelashes.com/eyelash-extensions-kit-on-the-go.aspx,http://assets.xtremelashes.com/cx/imagesMakeup/Lash-Aftercare-OntheGo.jpg,http://assets.xtremelashes.com/cx/imagesMakeup/Lash-Aftercare-OntheGo-thumb1.jpg,http://assets.xtremelashes.com/cx/imagesMakeup/Lash-Aftercare-OntheGo-thumb2.jpg
Xtreme Lashes Consumer Product Feed as of (8/19/2015),Lashista<sup>®</sup> Cleanse & Style Kit,82.00,"Simplify the cleansing process and achieve longer-lasting eyelash extensions with the Lashista Cleanse &amp; Style Kit. Featuring must-haves designed for all-over and targeted cleansing and makeup removal, this specialized kit also includes the Xtreme Lashes Mini Fan and Deluxe Retractable Lash Styling Wand to help dry, fluff, and separate eyelash extensions.","Simplify the cleansing process and achieve longer-lasting eyelash extensions with the Lashista Cleanse &amp; Style Kit. Featuring must-haves designed for all-over and targeted cleansing and makeup removal, this specialized kit also includes the Xtreme Lashes Mini Fan and Deluxe Retractable Lash Styling Wand to help dry, fluff, and separate eyelash extensions.What's inside:Eye Makeup Remover &amp; Facial Cleanser (15 ml)Mini Fan (includes 3 AAA batteries)Deluxe Retractable Lash Styling WandLint-Free Applicator (25-pack)Flex Tip Applicator (25-pack)Long-Tipped Applicator (25-pack)Cosmetic Sponges (40-pack)Compact MirrorIdeal for all eyelash extension wearers, especially those who received a multi-lash application (Volumation™). Each product was specially selected to simplify cleansing and styling of voluminous extended lashes.",http://www.xtremelashes.com/eyelash-extensions-lashista-cleanse-style-kit.aspx,http://assets.xtremelashes.com/cx/imagesMakeup/Lash-Aftercare-Lashista.jpg,http://assets.xtremelashes.com/cx/imagesMakeup/Lash-Aftercare-Lashista-thumb1.jpg,http://assets.xtremelashes.com/cx/imagesMakeup/Lash-Aftercare-Lashista-thumb2.jpg
